Id|Name|Description|StartTime|EndTime
1|Нулевой уровень доступа|Выдается абсолютно всем людям, попавшим в зону функционирования системы|01.01.0001 10:00:00|01.01.0001 18:00:00
2|Первый уровень доступа|Выдается сотрудникам младшего звена|01.01.0001 10:00:00|01.01.0001 18:00:00
3|Второй уровень доступа|Выдается сотрудникам среднего звена|01.01.0001 10:00:00|01.01.0001 18:00:00
4|Третий уровень доступа|Выдается сотрудникам высшего звена|01.01.0001 10:00:00|01.01.0001 18:00:00
